x1,x2,x3,x4,x5,x6,x7,x8,x9,x10,x11,x12,x13,x14,x15,x16,x17,x18,x19,x20,x21,x22,x23,x24,x25,x26,x27
1.0,1.0,1.0,0.8092338914256725,0.0,0.043261511942871214,0.05013582342954176,0.5562023413167224,0.26858854663424747,0.0,0.7688584325882415,0.0,0.13333333333333364,0.0,1.0,0.33368805249843625,0.006174030484275266,0.5124113475177305,0.0,0.5125205875432759,0.18528487947406866,0.0,0.2,0.34616104868913805,0.6170212765957447,1.0,1.0
1.0,0.9855072463768116,1.0,0.8335870116692032,0.43289461819604097,0.4117212509234179,0.13679117147708006,0.28997959402856865,0.33715291304523076,0.0,0.7688584325882415,0.0,0.13333333333333364,0.0,1.0,0.33368805249843625,0.006174030484275266,0.47517730496453897,0.0,0.4751773049645369,0.2803031409788166,0.0,0.2,0.34616104868913805,0.4751773049645369,1.0,1.0
1.0,0.5507246376811594,1.0,0.8351090816844243,0.6523497745139255,0.6424525978822951,0.13679117147708006,0.28997959402856865,0.33715291304523076,0.0,0.7688584325882415,0.0,0.13333333333333364,0.0,1.0,0.33368805249843625,0.006174030484275266,0.4485815602836879,0.0,0.44858156028368595,0.32505843681519353,0.0,0.2,0.34616104868913805,0.44858156028368595,1.0,1.0
1.0,0.391304347826087,1.0,0.8899036022323691,0.788818326496341,0.8726114257572027,0.054634974533106895,0.6163999570400601,0.2721484128370119,0.0,0.7688584325882415,0.0,0.13333333333333364,0.0,1.0,0.33368805249843625,0.006174030484275266,0.44148936170212766,0.0,0.4414893617021277,0.3342585829072315,0.0,0.2,0.34616104868913805,0.4414893617021277,1.0,1.0
1.0,0.15942028985507245,1.0,0.9208523592085233,1.0,0.9921718788475746,0.03331069609507657,0.635205670712061,0.2552759903816448,0.0,0.7688584325882415,0.0,0.13333333333333364,0.0,1.0,0.33368805249843625,0.006174030484275266,0.46985815602836883,0.0,0.4698581560283689,0.3409751643535427,0.0,0.2,0.34616104868913805,0.4698581560283689,1.0,1.0
1.0,0.4782608695652174,1.0,0.0,0.5298577288850529,0.5486333415414922,0.6979286926994908,0.17876704972613003,0.7811421125455061,0.0,0.7688584325882415,0.0,0.13333333333333364,0.0,1.0,0.33368805249843625,0.006174030484275266,0.0,0.0,0.0,0.3589116143170197,0.0,0.2,0.34616104868913805,0.0,1.0,1.0
1.0,0.4782608695652174,1.0,0.1283612379502795,0.5515596656880575,0.5649913814331445,0.6167741935483869,0.28997959402856865,0.7169301863220539,0.0,0.7688584325882415,0.0,0.13333333333333364,0.0,1.0,0.33368805249843625,0.006174030484275266,0.06560283687943266,0.0,0.06560283687943261,0.3441490138787436,0.0,0.2,0.34616104868913805,0.06560283687943261,1.0,1.0
1.0,0.4927536231884058,1.0,0.26889903602232385,0.5727135501262979,0.5823639497660674,0.520780984719864,0.28997959402856865,0.6409774183581629,0.0,0.7688584325882415,0.0,0.13333333333333364,0.0,1.0,0.33368805249843625,0.006174030484275266,0.15425531914893617,0.0,0.1542553191489362,0.30358290723155584,0.0,0.2,0.34616104868913805,0.1542553191489362,1.0,1.0
1.0,0.34782608695652173,1.0,0.40233384069000516,0.591169330614931,0.5971312484609701,0.43067980496418423,0.28997959402856865,0.5696866043227585,0.0,0.7688584325882415,0.0,0.13333333333333364,0.0,1.0,0.33368805249843625,0.006174030484275266,0.2039007092198581,0.0,0.2039007092198581,0.327936449963477,0.0,0.2,0.34616104868913805,0.2039007092198581,1.0,1.0
1.0,0.2753623188405797,1.0,0.5306950786402841,0.6075500068506544,0.6098965771977345,0.34570458404074716,0.28997959402856865,0.5024516059698287,0.0,0.7688584325882415,0.0,0.13333333333333364,0.0,1.0,0.33368805249843625,0.006174030484275266,0.27304964539007087,0.0,0.2730496453900688,0.3218334550766983,0.0,0.2,0.34616104868913805,0.2730496453900688,1.0,1.0
1.0,0.18840579710144928,1.0,0.6544901065449009,0.6243241565790288,0.6231248460970203,0.26015280135823415,0.28997959402856865,0.4347604142878253,0.0,0.7688584325882415,0.0,0.13333333333333364,0.0,1.0,0.33368805249843625,0.006174030484275266,0.3457446808510638,0.0,0.3457446808510638,0.4524653031409789,0.0,0.2,0.34616104868913805,0.3457446808510638,1.0,1.0
1.0,0.2028985507246377,1.0,0.7727042110603758,0.6388615968700119,0.6342304851021917,0.17645161290322592,0.28997959402856865,0.36853346945903487,0.0,0.7688584325882415,0.0,0.13333333333333364,0.0,1.0,0.33368805249843625,0.006174030484275266,0.41312056737588654,0.0,0.41312056737588654,0.3090248356464572,0.0,0.2,0.34616104868913805,0.41312056737588654,1.0,1.0
1.0,0.4057971014492754,1.0,0.8878741755454084,0.652064037810929,0.6440334892883527,0.09485568760611235,0.28997959402856865,0.30397227334399085,0.0,0.7688584325882415,0.0,0.13333333333333364,0.0,1.0,0.33368805249843625,0.006174030484275266,0.4343971631205674,0.0,0.4343971631205674,0.3104565376186998,0.0,0.2,0.34616104868913805,0.4343971631205674,1.0,1.0
1.0,0.4927536231884058,1.0,1.0,0.6650837946302578,0.6537182959862103,0.018370118845500858,0.4972613038341749,0.24345454789699236,0.0,0.7688584325882415,0.0,0.13333333333333364,0.0,1.0,0.33368805249843625,0.006174030484275266,0.5567375886524822,0.0,0.5567375886524822,0.30853907962016064,0.0,0.2,0.34616104868913805,0.5567375886524822,1.0,1.0
1.0,0.855072463768116,1.0,0.052765093860984644,0.041294808843316815,0.0,0.6167741935483869,0.6637310707765008,0.7169301863220539,0.0,0.7688584325882415,0.0,0.13333333333333364,0.0,1.0,0.33368805249843625,0.006174030484275266,0.19858156028368798,0.0,0.19858156028368798,0.12819576333089852,0.0,0.2,0.34616104868913805,0.19858156028368798,1.0,1.0
1.0,0.5072463768115942,1.0,0.11669203450025376,0.5031577418837307,0.4117212509234179,0.6167741935483869,0.28997959402856865,0.7169301863220539,0.0,0.7688584325882415,0.0,0.13333333333333364,0.0,1.0,0.33368805249843625,0.006174030484275266,0.07801418439716314,0.0,0.07801418439716315,0.29839298758217675,0.0,0.2,0.34616104868913805,0.07801418439716315,1.0,1.0
1.0,0.15942028985507245,1.0,0.14814814814814814,0.8301154774437807,0.8293523762620046,0.6167741935483869,0.28997959402856865,0.7169301863220539,0.0,0.7688584325882415,0.0,0.13333333333333364,0.0,1.0,0.33368805249843625,0.006174030484275266,0.05851063829787229,0.0,0.05851063829787231,0.3871439006574141,0.0,0.2,0.34616104868913805,0.05851063829787231,1.0,1.0
1.0,0.028985507246376812,1.0,0.16235413495687478,0.9924232931623439,1.0,0.6167741935483869,0.28997959402856865,0.7169301863220539,0.0,0.7688584325882415,0.0,0.13333333333333364,0.0,1.0,0.33368805249843625,0.006174030484275266,0.054964539007092174,0.0,0.05496453900709216,0.4075967859751644,0.0,0.2,0.34616104868913805,0.05496453900709216,1.0,1.0
1.0,0.8840579710144928,1.0,0.43937087772704203,0.041294808843316815,0.0,0.4074702886247875,0.5047792933089896,0.5513225238779704,0.0,0.7688584325882415,0.0,0.13333333333333364,0.0,1.0,0.33368805249843625,0.006174030484275266,0.40957446808510645,0.0,0.40957446808510645,0.27647918188458737,0.0,0.2,0.34616104868913805,0.40957446808510645,1.0,1.0
1.0,0.391304347826087,1.0,0.5296803652968037,0.43289461819604097,0.4107362718542231,0.4074702886247875,0.5047792933089896,0.5513225238779704,0.0,0.7688584325882415,0.0,0.13333333333333364,0.0,1.0,0.33368805249843625,0.006174030484275266,0.3031914893617021,0.0,0.3031914893617,0.4279656683710738,0.0,0.2,0.34616104868913805,0.3031914893617,1.0,1.0
1.0,0.2753623188405797,1.0,0.5794013191273468,0.8301154774437807,0.8293523762620046,0.4074702886247875,0.5047792933089896,0.5513225238779704,0.0,0.7688584325882415,0.0,0.13333333333333364,0.0,1.0,0.33368805249843625,0.006174030484275266,0.274822695035461,0.0,0.27482269503546103,0.46887874360847326,0.0,0.2,0.34616104868913805,0.27482269503546103,1.0,1.0
1.0,0.10144927536231885,1.0,0.5915778792491122,0.9924232931623439,1.0,0.4074702886247875,0.28997959402856865,0.5513225238779704,0.0,0.7688584325882415,0.0,0.13333333333333364,0.0,1.0,0.33368805249843625,0.006174030484275266,0.27659574468085113,0.0,0.2765957446808511,0.3615924032140248,0.0,0.2,0.34616104868913805,0.2765957446808511,1.0,1.0
1.0,0.6811594202898551,1.0,0.7447995941146626,0.29986310401401517,0.29401625215464167,0.1729711375212222,0.5898292342390722,0.3657796106984054,0.0,0.7688584325882415,0.0,0.13333333333333364,0.0,1.0,0.33368805249843625,0.006174030484275266,0.40070921985815605,0.0,0.4007092198581561,0.2836340394448502,0.0,0.2,0.34616104868913805,0.4007092198581561,1.0,1.0
1.0,0.6376811594202898,1.0,0.732115677321157,0.4177669676660814,0.4128933760157597,0.19687606112054346,0.5840511223284286,0.38469391867384933,0.0,0.7688584325882415,0.0,0.13333333333333364,0.0,1.0,0.33368805249843625,0.006174030484275266,0.36879432624113473,0.0,0.36879432624113473,0.31024470416362304,0.0,0.2,0.34616104868913805,0.36879432624113473,1.0,1.0
1.0,0.6521739130434783,1.0,0.7295788939624556,0.5387834876975125,0.5347919231716326,0.20079796264855695,0.5897433143593602,0.3877970473260705,0.0,0.7688584325882415,0.0,0.13333333333333364,0.0,1.0,0.33368805249843625,0.006174030484275266,0.35638297872340424,0.0,0.3563829787234043,0.32809715120525934,0.0,0.2,0.34616104868913805,0.3563829787234043,1.0,1.0
1.0,0.7681159420289855,1.0,0.8006088280060883,0.7168513220592247,0.7118074365919723,0.07650254668930415,0.5806572870797982,0.289450705928185,0.0,0.7688584325882415,0.0,0.13333333333333364,0.0,1.0,0.33368805249843625,0.006174030484275266,0.051418439716312055,0.0,0.05141843971631201,1.0,0.0,0.2,0.34616104868913805,0.1914893617021255,1.0,1.0
1.0,0.42028985507246375,1.0,0.7549467275494673,0.6159511343395792,0.6117089386850528,0.16392190152801334,0.5885404360433896,0.35861957792076943,0.0,0.7688584325882415,0.0,0.13333333333333364,0.0,1.0,0.33368805249843625,0.006174030484275266,0.1914893617021276,0.0,0.1914893617021255,0.6603360116873629,0.0,0.2,0.34616104868913805,0.1914893617021255,1.0,1.0
1.0,0.5942028985507246,1.0,0.7260273972602738,0.3042920229104625,0.29883279980300426,0.2022580645161287,0.5878638169906559,0.38895232465979757,0.0,0.7688584325882415,0.0,0.13333333333333364,0.0,1.0,0.33368805249843625,0.006174030484275266,0.6702127659574467,0.0,0.6702127659574447,0.10847333820306794,0.0,0.2,0.34616104868913805,0.6702127659574447,1.0,1.0
1.0,0.7971014492753623,1.0,0.7260273972602738,0.18889655277404663,0.18266436838217187,0.2046179966044145,0.5893029749758353,0.3908195752340783,0.0,0.7688584325882415,0.0,0.13333333333333364,0.0,1.0,0.33368805249843625,0.006174030484275266,1.0,0.0,1.0,0.0,0.0,0.2,0.34616104868913805,1.0,1.0,1.0
1.0,0.7536231884057971,1.0,0.8006088280060883,0.7168513220592247,0.7118074365919723,0.07650254668930415,0.5806572870797982,0.289450705928185,0.0,0.7688584325882415,0.0,0.13333333333333364,0.0,1.0,0.33368805249843625,0.006174030484275266,0.051418439716312055,0.0,0.05141843971631201,0.8991964937910885,0.0,0.2,0.34616104868913805,0.05141843971631201,1.0,1.0
1.0,0.42028985507246375,1.0,0.7549467275494673,0.6159511343395792,0.6117089386850528,0.16392190152801334,0.5885404360433896,0.35861957792076943,0.0,0.7688584325882415,0.0,0.13333333333333364,0.0,1.0,0.33368805249843625,0.006174030484275266,0.1914893617021276,0.0,0.1914893617021255,0.7187728268809349,0.0,0.2,0.34616104868913805,0.1914893617021255,1.0,1.0
1.0,0.8260869565217391,1.0,0.7260273972602738,0.3042920229104625,0.29883279980300426,0.2022580645161287,0.5878638169906559,0.38895232465979757,0.0,0.7688584325882415,0.0,0.13333333333333364,0.0,1.0,0.33368805249843625,0.006174030484275266,0.6702127659574467,0.0,0.6702127659574447,0.20927684441197955,0.0,0.2,0.34616104868913805,0.6702127659574447,1.0,1.0
1.0,0.6521739130434783,1.0,0.7260273972602738,0.18889655277404663,0.18266436838217187,0.2046179966044145,0.5893029749758353,0.3908195752340783,0.0,0.7688584325882415,0.0,0.13333333333333364,0.0,1.0,0.33368805249843625,0.006174030484275266,1.0,0.0,1.0,0.12783053323593863,0.0,0.2,0.34616104868913805,1.0,1.0,1.0
1.0,0.4492753623188406,1.0,0.7407407407407406,0.4865381710274693,0.48189115981285385,0.19071307300509344,0.5899258941037485,0.3798175736489302,0.0,0.7688584325882415,0.0,0.13333333333333364,0.0,1.0,0.33368805249843625,0.006174030484275266,0.22695035460992907,0.0,0.22695035460992696,0.5069393718042366,0.0,0.2,0.34616104868913805,0.22695035460992696,1.0,1.0
1.0,0.30434782608695654,1.0,0.7407407407407406,0.4865381710274693,0.48189115981285385,0.19071307300509344,0.5899258941037485,0.3798175736489302,0.0,0.7688584325882415,0.0,0.13333333333333364,0.0,1.0,0.33368805249843625,0.006174030484275266,0.4060283687943262,0.0,0.40602836879432624,0.2658875091307524,0.0,0.2,0.34616104868913805,0.40602836879432624,1.0,1.0
1.0,0.3188405797101449,1.0,0.7407407407407406,0.4865381710274693,0.48189115981285385,0.19071307300509344,0.5899258941037485,0.3798175736489302,0.0,0.7688584325882415,0.0,0.13333333333333364,0.0,1.0,0.33368805249843625,0.006174030484275266,0.5868794326241135,0.0,0.5868794326241135,0.13440467494521552,0.0,0.2,0.34616104868913805,0.5868794326241135,1.0,1.0
1.0,0.37681159420289856,1.0,0.7407407407407406,0.5856302543642183,0.5812989411475006,0.19071307300509344,0.5899258941037485,0.3798175736489302,0.0,0.7688584325882415,0.0,0.13333333333333364,0.0,1.0,0.33368805249843625,0.006174030484275266,0.22163120567375882,0.0,0.22163120567375671,0.5178962746530315,0.0,0.2,0.34616104868913805,0.22163120567375671,1.0,1.0
1.0,0.37681159420289856,1.0,0.7407407407407406,0.4298006986496598,0.424860871706476,0.19071307300509344,0.5899258941037485,0.3798175736489302,0.0,0.7688584325882415,0.0,0.13333333333333364,0.0,1.0,0.33368805249843625,0.006174030484275266,0.6028368794326241,0.0,0.6028368794326241,0.13075237399561723,0.0,0.2,0.34616104868913805,0.6028368794326241,1.0,1.0
1.0,0.9420289855072463,1.0,0.7447995941146626,0.29986310401401517,0.29401625215464167,0.1729711375212222,0.5898292342390722,0.3657796106984054,0.0,0.7688584325882415,0.0,0.13333333333333364,0.0,1.0,0.33368805249843625,0.006174030484275266,0.40070921985815605,0.0,0.4007092198581561,0.3245434623813002,0.0,1.0,0.0,0.4007092198581561,1.0,1.0
1.0,0.6956521739130435,1.0,0.732115677321157,0.4177669676660814,0.4128933760157597,0.19687606112054346,0.5840511223284286,0.38469391867384933,0.0,0.7688584325882415,0.0,0.13333333333333364,0.0,1.0,0.33368805249843625,0.006174030484275266,0.36879432624113473,0.0,0.36879432624113473,0.33990869247626004,0.0,0.8,0.03838951310861416,0.36879432624113473,1.0,1.0
1.0,0.4492753623188406,1.0,0.7295788939624556,0.5387834876975125,0.5347919231716326,0.20079796264855695,0.5897433143593602,0.3877970473260705,0.0,0.7688584325882415,0.0,0.13333333333333364,0.0,1.0,0.33368805249843625,0.006174030484275266,0.35638297872340424,0.0,0.3563829787234043,0.33684806428049674,0.0,0.6,0.07490636704119856,0.3563829787234043,1.0,1.0
1.0,0.43478260869565216,1.0,0.6544901065449009,0.6243241565790288,0.6231248460970203,0.26015280135823415,0.28997959402856865,0.4347604142878253,0.0,0.7688584325882415,0.0,0.13333333333333364,0.0,1.0,0.33368805249843625,0.006174030484275266,0.3457446808510638,0.0,0.3457446808510638,0.3115412710007304,0.0,0.4,0.11048689138576705,0.3457446808510638,1.0,1.0
1.0,0.6666666666666666,1.0,0.7447995941146626,0.29986310401401517,0.29401625215464167,0.1729711375212222,0.5898292342390722,0.3657796106984054,0.0,0.7688584325882415,0.0,0.13333333333333364,0.0,1.0,0.33368805249843625,0.006174030484275266,0.40070921985815605,0.0,0.4007092198581561,0.31648283418553685,0.0,0.1,0.8848314606741565,0.4007092198581561,1.0,1.0
1.0,0.6086956521739131,1.0,0.732115677321157,0.4177669676660814,0.4128933760157597,0.19687606112054346,0.5840511223284286,0.38469391867384933,0.0,0.7688584325882415,0.0,0.13333333333333364,0.0,1.0,0.33368805249843625,0.006174030484275266,0.36879432624113473,0.0,0.36879432624113473,0.3316289262235208,0.0,0.0,0.9250936329588014,0.36879432624113473,1.0,1.0
1.0,0.34782608695652173,1.0,0.7295788939624556,0.5387834876975125,0.5347919231716326,0.20079796264855695,0.5897433143593602,0.3877970473260705,0.0,0.7688584325882415,0.0,0.13333333333333364,0.0,1.0,0.33368805249843625,0.006174030484275266,0.35638297872340424,0.0,0.3563829787234043,0.3644996347699051,0.0,0.0,0.9634831460674156,0.3563829787234043,1.0,1.0
1.0,0.2608695652173913,1.0,0.6544901065449009,0.6243241565790288,0.6231248460970203,0.26015280135823415,0.28997959402856865,0.4347604142878253,0.0,0.7688584325882415,0.0,0.13333333333333364,0.0,1.0,0.33368805249843625,0.006174030484275266,0.3457446808510638,0.0,0.3457446808510638,0.3681519357195033,0.0,0.0,1.0,0.3457446808510638,1.0,1.0
1.0,0.34782608695652173,1.0,0.7356671740233383,0.4448393492229483,0.4400566362964787,0.1892020373514431,0.5892707550209428,0.378621995943096,0.0,0.7688584325882415,0.0,0.13333333333333364,0.0,1.0,0.33368805249843625,0.006174030484275266,0.40957446808510645,0.0,0.40957446808510645,0.25858290723155586,0.0,0.2,0.34616104868913805,0.40957446808510645,1.0,1.0
1.0,0.37681159420289856,1.0,0.7356671740233383,0.42141830799371843,0.4154149224328984,0.1892020373514431,0.5892707550209428,0.378621995943096,0.0,0.7688584325882415,0.0,0.13333333333333364,0.0,1.0,0.33368805249843625,0.006174030484275266,0.41312056737588654,0.0,0.41312056737588654,0.25858290723155586,0.0,0.2,0.34616104868913805,0.41312056737588654,1.0,1.0
1.0,0.6231884057971014,1.0,0.7407407407407406,0.4865381710274693,0.48189115981285385,0.19071307300509344,0.5899258941037485,0.3798175736489302,0.0,0.7688584325882415,0.0,0.13333333333333364,0.0,1.0,0.33368805249843625,0.006174030484275266,0.5656028368794326,0.0,0.5656028368794306,0.22412344777209645,0.0,0.2,0.34616104868913805,0.5656028368794306,1.0,1.0
1.0,0.7246376811594203,1.0,0.7407407407407406,0.4865381710274693,0.48189115981285385,0.19071307300509344,0.5899258941037485,0.3798175736489302,0.0,0.7688584325882415,0.0,0.13333333333333364,0.0,1.0,0.33368805249843625,0.006174030484275266,0.5514184397163121,0.0,0.5514184397163122,0.22412344777209645,0.0,0.2,0.34616104868913805,0.5514184397163122,1.0,1.0
1.0,0.43478260869565216,1.0,0.7407407407407406,0.4865381710274693,0.48189115981285385,0.19071307300509344,0.5899258941037485,0.3798175736489302,0.0,0.7688584325882415,0.0,0.13333333333333364,0.0,1.0,0.33368805249843625,0.006174030484275266,0.48581560283687947,0.0,0.48581560283687947,0.23323593864134406,0.0,0.2,0.34616104868913805,0.48581560283687947,1.0,1.0
1.0,0.5072463768115942,1.0,0.7407407407407406,0.4865381710274693,0.48189115981285385,0.19071307300509344,0.5899258941037485,0.3798175736489302,0.0,0.7688584325882415,0.0,0.13333333333333364,0.0,1.0,0.33368805249843625,0.006174030484275266,0.3138297872340426,0.0,0.3138297872340426,0.2685975164353543,0.0,0.2,0.34616104868913805,0.3138297872340426,1.0,1.0
1.0,0.7971014492753623,1.0,0.7407407407407406,0.4865381710274693,0.48189115981285385,0.19071307300509344,0.5899258941037485,0.3798175736489302,0.0,0.7688584325882415,0.0,0.13333333333333364,0.0,1.0,0.33368805249843625,0.006174030484275266,0.21099290780141847,0.0,0.21099290780141838,0.28854273192111024,0.0,0.2,0.34616104868913805,0.21099290780141838,1.0,1.0
1.0,0.37681159420289856,1.0,0.7407407407407406,0.1398130766699488,0.8464319133218425,0.19071307300509344,0.5899258941037485,0.3798175736489302,0.0,0.7688584325882415,0.0,0.13333333333333364,0.0,1.0,0.33368805249843625,0.006174030484275266,0.2021276595744681,0.0,0.20212765957446807,0.3398867786705625,0.0,0.2,0.34616104868913805,0.20212765957446807,1.0,1.0
1.0,0.37681159420289856,1.0,0.7407407407407406,0.1398130766699488,0.8464319133218425,0.19071307300509344,0.5899258941037485,0.3798175736489302,0.0,0.7688584325882415,0.0,0.13333333333333364,0.0,1.0,0.33368805249843625,0.006174030484275266,0.25000000000000006,0.0,0.25000000000000006,0.3653287070854638,0.0,0.2,0.34616104868913805,0.25000000000000006,1.0,1.0
1.0,0.37681159420289856,1.0,0.7407407407407406,0.3478481332844611,0.6277074612164493,0.19071307300509344,0.5899258941037485,0.3798175736489302,0.0,0.7688584325882415,0.0,0.13333333333333364,0.0,1.0,0.33368805249843625,0.006174030484275266,0.3031914893617021,0.0,0.3031914893617,0.2913038714390066,0.0,0.2,0.34616104868913805,0.3031914893617,1.0,1.0
1.0,0.36231884057971014,1.0,0.7407407407407406,0.4171931521559652,0.5547993105146516,0.19071307300509344,0.5899258941037485,0.3798175736489302,0.0,0.7688584325882415,0.0,0.13333333333333364,0.0,1.0,0.33368805249843625,0.006174030484275266,0.32092198581560283,0.0,0.3209219858156029,0.28002556610664714,0.0,0.2,0.34616104868913805,0.3209219858156029,1.0,1.0
1.0,0.37681159420289856,1.0,0.7407407407407406,0.45186566159171726,0.5183452351637527,0.19071307300509344,0.5899258941037485,0.3798175736489302,0.0,0.7688584325882415,0.0,0.13333333333333364,0.0,1.0,0.33368805249843625,0.006174030484275266,0.34219858156028365,0.0,0.34219858156028155,0.27005843681519354,0.0,0.2,0.34616104868913805,0.34219858156028155,1.0,1.0
1.0,0.3333333333333333,1.0,0.7407407407407406,0.5558831898989735,0.4089830091110561,0.19071307300509344,0.5899258941037485,0.3798175736489302,0.0,0.7688584325882415,0.0,0.13333333333333364,0.0,1.0,0.33368805249843625,0.006174030484275266,0.374113475177305,0.0,0.374113475177305,0.26880204528853174,0.0,0.2,0.34616104868913805,0.374113475177305,1.0,1.0
1.0,0.4057971014492754,1.0,0.7407407407407406,0.7639182465134857,0.19025855700566288,0.19071307300509344,0.5899258941037485,0.3798175736489302,0.0,0.7688584325882415,0.0,0.13333333333333364,0.0,1.0,0.33368805249843625,0.006174030484275266,0.35460992907801414,0.0,0.3546099290780121,0.28697589481373265,0.0,0.2,0.34616104868913805,0.3546099290780121,1.0,1.0
1.0,0.30434782608695654,1.0,0.7407407407407406,0.4865381710274693,0.48189115981285385,0.19071307300509344,0.5899258941037485,0.22891954702381762,0.38082191780821917,0.46339805297220843,0.0,0.13333333333333364,0.0,1.0,0.33368805249843625,0.006174030484275266,0.374113475177305,0.0,0.374113475177305,0.26744704163623084,0.0,0.2,0.34616104868913805,0.374113475177305,1.0,1.0
1.0,0.6086956521739131,1.0,0.7407407407407406,0.4865381710274693,0.48189115981285385,0.19071307300509344,0.5899258941037485,0.0,0.9232876712328768,0.0,0.0,0.13333333333333364,0.0,1.0,1.0,0.6964499324715415,0.3014184397163121,0.0,0.301418439716312,0.2939627465303141,0.0,0.2,0.34616104868913805,0.301418439716312,1.0,1.0
1.0,0.5072463768115942,1.0,0.7407407407407406,0.4865381710274693,0.48189115981285385,0.19071307300509344,0.5899258941037485,0.03409411480232692,0.8342465753424658,0.0690161527165937,0.0,0.13333333333333364,0.0,1.0,0.6668440262492181,0.35131198147790893,0.3262411347517731,0.0,0.32624113475177313,0.2810628195763331,0.0,0.2,0.34616104868913805,0.32624113475177313,1.0,1.0
1.0,0.30434782608695654,1.0,0.7407407407407406,0.4865381710274693,0.48189115981285385,0.19071307300509344,0.5899258941037485,0.21875041979554272,0.5684931506849316,0.44281285690977273,0.0,0.13333333333333364,0.0,1.0,0.0005320787476544079,0.35131198147790893,0.3829787234042554,0.0,0.3829787234042553,0.2627392257121987,0.0,0.2,0.34616104868913805,0.3829787234042553,1.0,1.0
1.0,0.2463768115942029,1.0,0.7407407407407406,0.4865381710274693,0.48189115981285385,0.19071307300509344,0.5899258941037485,0.3798175736489302,0.0,0.7688584325882415,0.0,0.13333333333333364,0.0,1.0,0.33368805249843625,0.006174030484275266,0.3156028368794326,0.0,0.3156028368794326,0.30788897005113225,0.0,0.2,0.34616104868913805,0.3156028368794326,1.0,1.0
1.0,0.2318840579710145,1.0,0.7407407407407406,0.4865381710274693,0.48189115981285385,0.19071307300509344,0.5899258941037485,0.3798175736489302,0.0,0.7688584325882415,0.0,0.13333333333333364,0.0,1.0,0.33368805249843625,0.006174030484275266,0.32269503546099293,0.0,0.3226950354609929,0.30788897005113225,0.0,0.2,0.34616104868913805,0.3226950354609929,1.0,1.0
1.0,0.2463768115942029,1.0,0.7407407407407406,0.4865381710274693,0.48189115981285385,0.19071307300509344,0.5899258941037485,0.3798175736489302,0.0,0.7688584325882415,0.0,0.13333333333333364,0.0,1.0,0.33368805249843625,0.006174030484275266,0.30851063829787234,0.0,0.3085106382978723,0.31773557341124914,0.0,0.2,0.34616104868913805,0.3085106382978723,1.0,1.0
1.0,0.391304347826087,1.0,0.7407407407407406,0.41556304768641095,0.41067717311007135,0.19071307300509344,0.5899258941037485,0.3798175736489302,0.0,0.7688584325882415,0.0,0.13333333333333364,0.0,1.0,0.33368805249843625,0.006174030484275266,0.28546099290780136,0.0,0.2854609929078014,0.3069905040175311,0.0,0.2,0.34616104868913805,0.2854609929078014,1.0,1.0
1.0,0.4057971014492754,1.0,0.7331303906646374,0.4169683101601648,0.41196749569071667,0.18499151103565376,0.5840511223284286,0.3752904985156032,0.0,0.7688584325882415,0.0,0.13333333333333364,0.0,1.0,0.33368805249843625,0.006174030484275266,0.4592198581560284,0.0,0.45921985815602834,0.2649780861943024,0.0,0.2,0.34616104868913805,0.45921985815602834,1.0,1.0
1.0,0.391304347826087,1.0,0.7331303906646374,0.4169683101601648,0.41196749569071667,0.18499151103565376,0.5840511223284286,0.3752904985156032,0.0,0.7688584325882415,0.0,0.13333333333333364,0.0,1.0,0.33368805249843625,0.006174030484275266,0.36879432624113473,0.0,0.36879432624113473,0.28646092037983933,0.0,0.2,0.34616104868913805,0.36879432624113473,1.0,1.0
1.0,0.34782608695652173,1.0,0.7331303906646374,0.4169683101601648,0.41196749569071667,0.18499151103565376,0.5840511223284286,0.34310393465966366,0.0,0.7037037037037037,0.0,0.13333333333333364,0.0,1.0,0.33368805249843625,0.006174030484275266,0.4078014184397163,0.0,0.40780141843971424,0.27569393718042373,0.0,0.2,0.34616104868913805,0.40780141843971424,1.0,1.0
1.0,0.391304347826087,1.0,0.7331303906646374,0.4169683101601648,0.41196749569071667,0.18499151103565376,0.5840511223284286,0.3752904985156032,0.0,0.7688584325882415,0.0,0.13333333333333364,0.0,1.0,0.33368805249843625,0.006174030484275266,0.4592198581560284,0.0,0.45921985815602834,0.2649780861943024,0.0,0.2,0.34616104868913805,0.45921985815602834,1.0,1.0
1.0,0.4492753623188406,1.0,0.7331303906646374,0.4169683101601648,0.41196749569071667,0.18499151103565376,0.5840511223284286,0.3752904985156032,0.0,0.7688584325882415,0.0,0.13333333333333364,0.0,1.0,0.33368805249843625,0.006174030484275266,0.4592198581560284,0.0,0.45921985815602834,0.2649780861943024,0.0,0.2,0.34616104868913805,0.45921985815602834,1.0,1.0
1.0,0.3333333333333333,1.0,0.7331303906646374,0.4169683101601648,0.41196749569071667,0.18499151103565376,0.5840511223284286,0.3752904985156032,0.0,0.7688584325882415,0.0,0.13333333333333364,0.0,1.0,0.33368805249843625,0.006174030484275266,0.45212765957446815,0.0,0.45212765957446804,0.23399196493791088,0.00040702850493963533,0.2,0.34616104868913805,0.45212765957446804,1.0,1.0
1.0,0.36231884057971014,1.0,0.7331303906646374,0.3889233694938138,0.3838366817356315,0.18499151103565376,0.5840511223284286,0.3752904985156032,0.0,0.7688584325882415,0.0,0.13333333333333364,0.0,1.0,0.33368805249843625,0.006174030484275266,0.5159574468085106,0.0,0.5159574468085107,0.19098977355734112,0.00040702850493963533,0.2,0.34616104868913805,0.5159574468085107,1.0,1.0
0.5,0.3333333333333333,1.0,0.7204464738711313,0.4743498611717782,0.4703275055405071,0.22750424448217313,0.5047792933089896,0.34310393465966366,0.0,0.6356121172567577,0.0,0.13333333333333364,0.0,1.0,0.33368805249843625,0.006174030484275266,0.38652482269503546,0.0,0.3865248226950355,0.3359422936449964,0.0,0.2,0.34616104868913805,0.3865248226950355,1.0,1.0
0.25,0.391304347826087,1.0,0.7113140537798075,0.5146340520860536,0.5109578921447919,0.24787775891341268,0.4650413489421113,0.34310393465966366,0.0,0.6029803665633328,0.0,0.13333333333333364,0.0,1.0,0.33368805249843625,0.006174030484275266,0.3776595744680851,0.0,0.377659574468083,0.37013878743608475,0.0,0.2,0.34616104868913805,0.377659574468083,1.0,1.0
0.0,0.6086956521739131,1.0,0.7021816336884832,0.5694392885624517,0.5663629647869983,0.0,0.4306733970572439,0.34310393465966366,0.0,1.0,0.0,0.13333333333333364,0.0,1.0,0.33368805249843625,0.006174030484275266,0.3581560283687944,0.0,0.35815602836879434,0.4264718772826881,0.0,0.2,0.34616104868913805,0.35815602836879434,1.0,1.0
0.5,0.3188405797101449,1.0,0.7204464738711313,0.4743498611717782,0.4703275055405071,0.22750424448217313,0.5047792933089896,0.34310393465966366,0.0,0.6356121172567577,0.0,0.13333333333333364,0.0,1.0,0.33368805249843625,0.006174030484275266,0.38652482269503546,0.0,0.3865248226950355,0.4704163623082542,0.4246946926647134,0.2,0.5337078651685387,0.3865248226950355,1.0,1.0
0.5,0.3333333333333333,1.0,0.7204464738711313,0.4743498611717782,0.4703275055405071,0.22750424448217313,0.5047792933089896,0.34310393465966366,0.0,0.6356121172567577,0.0,0.13333333333333364,0.0,1.0,0.33368805249843625,0.006174030484275266,0.38652482269503546,0.0,0.3865248226950355,0.4448502556610665,0.7123473463323567,0.2,0.5805243445692878,0.3865248226950355,1.0,1.0
0.5,0.391304347826087,1.0,0.7204464738711313,0.4743498611717782,0.4703275055405071,0.22750424448217313,0.5047792933089896,0.34310393465966366,0.0,0.6356121172567577,0.0,0.13333333333333364,0.0,1.0,0.33368805249843625,0.006174030484275266,0.38652482269503546,0.0,0.3865248226950355,0.4667640613586559,1.0,0.2,0.9550561797752807,0.3865248226950355,1.0,1.0
0.5,0.34782608695652173,1.0,0.7204464738711313,0.4743498611717782,0.4703275055405071,0.22750424448217313,0.5047792933089896,0.34310393465966366,0.0,0.6356121172567577,0.0,0.13333333333333364,0.0,1.0,0.33368805249843625,0.006174030484275266,0.38652482269503546,0.0,0.3865248226950355,0.4192841490138788,1.0,0.2,0.5805243445692878,0.3865248226950355,1.0,1.0
0.5,0.3188405797101449,1.0,0.7204464738711313,0.4743498611717782,0.4703275055405071,0.22750424448217313,0.5047792933089896,0.34310393465966366,0.0,0.6356121172567577,0.0,0.13333333333333364,0.0,1.0,0.33368805249843625,0.006174030484275266,0.38652482269503546,1.0,0.3865248226950355,0.4156318480642805,0.4246946926647134,0.2,0.7691947565543066,0.3865248226950355,1.0,1.0
0.75,0.3333333333333333,1.0,0.7234906139015729,0.44764987417045604,0.44324058113765086,0.2088285229202038,0.5445172376758672,0.34310393465966366,0.0,0.6655245553923969,0.0,0.13333333333333364,0.0,1.0,0.33368805249843625,0.006174030484275266,0.3900709219858156,0.0,0.3900709219858156,0.30990504017531045,0.0,0.2,0.34616104868913805,0.3900709219858156,1.0,1.0
0.5,0.3188405797101449,1.0,0.7204464738711313,0.4743498611717782,0.4703275055405071,0.22750424448217313,0.5047792933089896,0.34310393465966366,0.0,0.6356121172567577,0.0,0.13333333333333364,0.0,1.0,0.33368805249843625,0.006174030484275266,0.38652482269503546,0.0,0.3865248226950355,0.43754565376187,0.7123473463323567,0.2,0.5337078651685387,0.3865248226950355,1.0,1.0
0.5,0.34782608695652173,1.0,0.7204464738711313,0.4743498611717782,0.4703275055405071,0.22750424448217313,0.5047792933089896,0.34310393465966366,0.0,0.6356121172567577,0.0,0.13333333333333364,0.0,1.0,0.33368805249843625,0.006174030484275266,0.38652482269503546,0.9756097560975583,0.3865248226950355,0.40467494521548575,0.7123473463323567,0.2,0.7677902621722842,0.3865248226950355,1.0,1.0
0.5,0.3188405797101449,1.0,0.7204464738711313,0.4743498611717782,0.4703275055405071,0.2122241086587436,0.5047792933089896,0.34310393465966366,0.0,0.6600859302768263,0.0,0.13333333333333364,0.0,1.0,0.33368805249843625,0.006174030484275266,0.38652482269503546,1.0,0.3865248226950355,0.4156318480642805,0.4246946926647134,0.2,0.7691947565543066,0.3865248226950355,1.0,1.0
0.5,0.34782608695652173,1.0,0.7204464738711313,0.4743498611717782,0.4703275055405071,0.22750424448217313,0.5047792933089896,0.34310393465966366,0.0,0.6356121172567577,0.0,0.13333333333333364,0.0,1.0,0.33368805249843625,0.006174030484275266,0.38652482269503546,1.0,0.3865248226950355,0.39737034331628923,0.7123473463323567,0.2,0.7209737827715351,0.3865248226950355,1.0,1.0
0.5,0.3188405797101449,1.0,0.7204464738711313,0.4743498611717782,0.4703275055405071,0.2122241086587436,0.5047792933089896,0.34310393465966366,0.0,0.6600859302768263,0.0,0.13333333333333364,0.0,1.0,0.3331279696061687,0.0,0.38652482269503546,1.0,0.3865248226950355,0.4156318480642805,0.4246946926647134,0.2,0.7691947565543066,0.3865248226950355,1.0,1.0
0.5,0.2028985507246377,1.0,0.7204464738711313,0.4743498611717782,0.4703275055405071,0.2122241086587436,0.5047792933089896,0.34310393465966366,0.0,0.6600859302768263,0.0,0.13333333333333364,0.0,1.0,0.3331279696061687,0.0,0.38652482269503546,1.0,0.3865248226950355,0.4156318480642805,0.4246946926647134,0.2,0.7691947565543066,0.3865248226950355,1.0,1.0
0.5,0.17391304347826086,1.0,0.7204464738711313,0.4743498611717782,0.4703275055405071,0.2122241086587436,0.5047792933089896,0.34310393465966366,0.0,0.6600859302768263,0.0,0.13333333333333364,0.0,1.0,0.3331279696061687,0.0,0.38652482269503546,1.0,0.3865248226950355,0.4156318480642805,0.4246946926647134,0.2,0.7691947565543066,0.3865248226950355,1.0,1.0
0.5,0.08695652173913043,1.0,0.7204464738711313,0.4743498611717782,0.4703275055405071,0.2122241086587436,0.5047792933089896,0.34310393465966366,0.0,0.6600859302768263,0.0,0.13333333333333364,0.0,1.0,0.3331279696061687,0.0,0.38652482269503546,1.0,0.3865248226950355,0.4156318480642805,0.4246946926647134,0.2,0.7691947565543066,0.3865248226950355,1.0,1.0
0.5,0.07246376811594203,1.0,0.7204464738711313,0.4743498611717782,0.4703275055405071,0.2122241086587436,0.5047792933089896,0.34310393465966366,0.0,0.6600859302768263,0.0,0.13333333333333364,0.0,1.0,0.3331279696061687,0.0,0.38652482269503546,1.0,0.3865248226950355,0.4156318480642805,0.4246946926647134,0.2,0.7691947565543066,0.3865248226950355,1.0,1.0
0.5,0.10144927536231885,1.0,0.7204464738711313,0.4743498611717782,0.4703275055405071,0.2122241086587436,0.5047792933089896,0.34310393465966366,0.0,0.6600859302768263,0.0,0.13333333333333364,0.0,1.0,0.3331279696061687,0.0,0.35460992907801414,1.0,0.3546099290780121,0.4338933528122717,0.4246946926647134,0.2,0.7691947565543066,0.3546099290780121,1.0,1.0
0.5,0.10144927536231885,1.0,0.7204464738711313,0.4743498611717782,0.4703275055405071,0.2122241086587436,0.5047792933089896,0.34310393465966366,0.0,0.6600859302768263,0.0,0.13333333333333364,0.0,1.0,0.3331279696061687,0.0,0.35460992907801414,1.0,0.3546099290780121,0.5361577794010226,0.4246946926647134,0.2,0.7691947565543066,0.3546099290780121,1.0,1.0
0.5,0.014492753623188406,1.0,0.7204464738711313,0.4743498611717782,0.4703275055405071,0.2122241086587436,0.5047792933089896,0.34310393465966366,0.0,0.6600859302768263,0.0,0.13333333333333364,0.0,1.0,0.3331279696061687,0.0,0.35460992907801414,1.0,0.3546099290780121,0.6420745069393717,0.4246946926647134,0.2,0.7691947565543066,0.3546099290780121,1.0,1.0
0.5,0.13043478260869565,1.0,0.7204464738711313,0.4743498611717782,0.4703275055405071,0.2122241086587436,0.5047792933089896,0.34310393465966366,0.0,0.6600859302768263,0.0,0.13333333333333364,0.0,1.0,0.3331279696061687,0.0,0.35460992907801414,1.0,0.3546099290780121,0.4302410518626734,0.6404341829154458,0.2,0.7691947565543066,0.3546099290780121,1.0,1.0
0.5,0.0,1.0,0.7204464738711313,0.4743498611717782,0.4703275055405071,0.21392190152801382,0.3221995489206315,0.38676267110866347,0.8595890410958905,0.7457442758470654,0.0,0.13333333333333364,0.0,1.0,0.3331279696061687,0.6569554312174423,0.38652482269503546,1.0,0.3865248226950355,0.4156318480642805,0.4246946926647134,0.2,0.7691947565543066,0.3865248226950355,1.0,1.0
0.5,0.057971014492753624,1.0,0.7204464738711313,0.4743498611717782,0.4703275055405071,0.2122241086587436,0.3168295564386213,0.34310393465966366,0.0,0.6600859302768263,0.0,0.13333333333333364,0.0,1.0,0.3331279696061687,0.6569554312174423,0.38652482269503546,1.0,0.3865248226950355,0.4156318480642805,0.4246946926647134,0.2,0.7691947565543066,0.3865248226950355,1.0,1.0
1.0,0.3188405797101449,1.0,0.24200913242009164,0.43289461819604097,0.4107362718542231,0.4074702886247875,0.5047792933089896,0.5513225238779704,0.0,0.7688584325882415,0.0,0.13333333333333364,0.0,1.0,0.33368805249843625,0.006174030484275266,0.1914893617021276,0.0,0.1914893617021255,0.4279656683710738,0.0,0.2,0.34616104868913805,0.1914893617021255,1.0,1.0
1.0,0.2898550724637681,1.0,0.0,0.43289461819604097,0.4107362718542231,0.4074702886247875,0.5047792933089896,0.5513225238779704,0.0,0.7688584325882415,0.0,0.13333333333333364,0.0,1.0,0.33368805249843625,0.006174030484275266,0.12234042553191483,0.0,0.12234042553191275,0.4279656683710738,0.0,0.2,0.34616104868913805,0.12234042553191275,1.0,1.0
0.5,0.10144927536231885,1.0,0.7204464738711313,0.4689630216890552,0.4703275055405071,0.2122241086587436,0.3490495113306841,0.34310393465966366,0.0,0.6600859302768263,0.0,0.13333333333333364,0.0,1.0,0.0,0.0,0.374113475177305,1.0,0.374113475177305,0.4338933528122717,0.4246946926647134,0.2,0.7691947565543066,0.374113475177305,1.0,1.0
1.0,0.028985507246376812,1.0,0.6544901065449009,0.6243241565790288,0.6231248460970203,0.26015280135823415,0.28997959402856865,0.4347604142878253,0.0,0.7688584325882415,0.0,0.13333333333333364,0.0,1.0,0.33368805249843625,0.006174030484275266,0.3457446808510638,0.0,0.3457446808510638,0.4524653031409789,0.0,0.2,0.34616104868913805,0.3457446808510638,1.0,1.0
0.5,0.13043478260869565,1.0,0.7204464738711313,0.4743498611717782,0.4703275055405071,0.21392190152801382,0.3221995489206315,0.38676267110866347,0.8595890410958905,0.7457442758470654,0.0,0.13333333333333364,0.0,1.0,0.3331279696061687,0.6569554312174423,0.3599290780141844,1.0,0.3599290780141844,0.4156318480642805,0.4246946926647134,0.2,0.7691947565543066,0.3599290780141844,1.0,1.0
0.5,0.14492753623188406,1.0,0.7204464738711313,0.4743498611717782,0.4703275055405071,0.21392190152801382,0.3221995489206315,0.38676267110866347,0.0,0.7457442758470654,0.0,0.13333333333333364,0.0,1.0,0.3331279696061687,0.6569554312174423,0.3599290780141844,1.0,0.3599290780141844,0.4156318480642805,0.4246946926647134,0.2,0.7691947565543066,0.3599290780141844,1.0,1.0
0.5,0.11594202898550725,1.0,0.7204464738711313,0.4743498611717782,0.4703275055405071,0.21392190152801382,0.3221995489206315,0.38676267110866347,0.8595890410958905,0.7457442758470654,0.0,0.13333333333333364,0.0,1.0,0.3331279696061687,0.6569554312174423,0.3776595744680851,1.0,0.377659574468083,0.4338933528122717,0.4246946926647134,0.2,0.7691947565543066,0.377659574468083,1.0,1.0
0.5,0.14492753623188406,1.0,0.7204464738711313,0.4743498611717782,0.4703275055405071,0.21392190152801382,0.3221995489206315,0.38676267110866347,0.8595890410958905,0.7457442758470654,0.0,0.13333333333333364,0.0,1.0,0.3331279696061687,0.6569554312174423,0.4024822695035461,1.0,0.402482269503544,0.4302410518626734,0.4246946926647134,0.2,0.7691947565543066,0.402482269503544,1.0,1.0
0.5,0.028985507246376812,1.0,0.7204464738711313,0.4743498611717782,0.4703275055405071,0.21392190152801382,0.3221995489206315,0.38676267110866347,0.8595890410958905,0.7457442758470654,0.0,0.13333333333333364,0.0,1.0,0.3331279696061687,0.6569554312174423,0.44503546099290775,1.0,0.44503546099290575,0.42658875091307524,0.4246946926647134,0.2,0.7691947565543066,0.44503546099290575,1.0,1.0
0.5,0.14492753623188406,1.0,0.7204464738711313,0.3935472689309349,0.5555281950258557,0.21392190152801382,0.3221995489206315,0.38676267110866347,0.8595890410958905,0.7457442758470654,0.0,0.13333333333333364,0.0,1.0,0.3331279696061687,0.6569554312174423,0.3581560283687944,1.0,0.35815602836879434,0.4156318480642805,0.4246946926647134,0.2,0.7691947565543066,0.35815602836879434,1.0,1.0
0.5,0.13043478260869565,1.0,0.7204464738711313,0.3935472689309349,0.5555281950258557,0.21392190152801382,0.3221995489206315,0.38676267110866347,0.8595890410958905,0.7457442758470654,0.0,0.13333333333333364,0.0,1.0,0.3331279696061687,0.6569554312174423,0.3581560283687944,1.0,0.35815602836879434,0.4338933528122717,0.4246946926647134,0.2,0.7691947565543066,0.35815602836879434,1.0,1.0
0.5,0.11594202898550725,1.0,0.7204464738711313,0.3935472689309349,0.5555281950258557,0.21392190152801382,0.3221995489206315,0.38676267110866347,0.8595890410958905,0.7457442758470654,0.0,0.13333333333333364,0.0,1.0,0.3331279696061687,0.6569554312174423,0.39893617021276595,1.0,0.39893617021276595,0.4302410518626734,0.4246946926647134,0.2,0.7691947565543066,0.39893617021276595,1.0,1.0
0.5,0.07246376811594203,1.0,0.7204464738711313,0.3935472689309349,0.5555281950258557,0.21392190152801382,0.3221995489206315,0.38676267110866347,0.8595890410958905,0.7457442758470654,0.0,0.13333333333333364,0.0,1.0,0.3331279696061687,0.6569554312174423,0.4468085106382979,1.0,0.44680851063829796,0.42658875091307524,0.4246946926647134,0.2,0.7691947565543066,0.44680851063829796,1.0,1.0
0.5,0.15942028985507245,1.0,0.6514459665144599,0.4743498611717782,0.4703275055405071,0.5789473684210527,0.6862850392009452,0.6554318184871243,0.8595890410958905,0.7049545874802849,0.0,0.13333333333333364,0.0,1.0,0.3331279696061687,0.6569554312174423,0.3634751773049645,1.0,0.3634751773049624,0.4156318480642805,0.4246946926647134,0.2,0.7691947565543066,0.3634751773049624,1.0,1.0
0.5,0.2028985507246377,1.0,0.6037544393708776,0.4743498611717782,0.4703275055405071,0.9090152801358232,1.0,0.8468585859942778,0.8595890410958905,0.5637950726056459,0.0,0.13333333333333364,0.0,1.0,0.3331279696061687,0.6569554312174423,0.36879432624113473,1.0,0.36879432624113473,0.4156318480642805,0.4246946926647134,0.2,0.7691947565543066,0.36879432624113473,1.0,1.0
0.5,0.2608695652173913,1.0,0.7204464738711313,0.4743498611717782,0.4703275055405071,0.21392190152801382,0.3221995489206315,0.38676267110866347,0.8595890410958905,0.7457442758470654,0.0,0.13333333333333364,0.0,1.0,0.3331279696061687,0.6569554312174423,0.3812056737588652,1.0,0.38120567375886527,0.40467494521548575,0.4246946926647134,0.2,0.7691947565543066,0.38120567375886527,1.0,1.0
0.5,0.13043478260869565,1.0,0.7204464738711313,0.4743498611717782,0.4703275055405071,0.21392190152801382,0.3221995489206315,0.38676267110866347,0.8595890410958905,0.7457442758470654,1.0,1.0,1.0,0.23366834170854256,0.3331279696061687,0.6569554312174423,0.3617021276595745,1.0,0.36170212765957444,0.43754565376187,0.4246946926647134,0.2,0.7691947565543066,0.36170212765957444,1.0,1.0
0.5,0.13043478260869565,1.0,0.7204464738711313,0.4743498611717782,0.4703275055405071,0.21392190152801382,0.3221995489206315,0.38676267110866347,0.8595890410958905,0.7457442758470654,1.0,1.0,1.0,0.23366834170854256,0.3331279696061687,0.6569554312174423,0.3634751773049645,1.0,0.3634751773049624,0.4338933528122717,0.4246946926647134,0.2,0.7691947565543066,0.3634751773049624,1.0,1.0
0.5,0.11594202898550725,1.0,0.7204464738711313,0.4743498611717782,0.4703275055405071,0.21392190152801382,0.3221995489206315,0.38676267110866347,0.8595890410958905,0.7457442758470654,1.0,1.0,1.0,0.23366834170854256,0.3331279696061687,0.6569554312174423,0.36879432624113473,1.0,0.36879432624113473,0.43754565376187,0.4246946926647134,0.2,0.7691947565543066,0.36879432624113473,1.0,1.0
0.5,0.14492753623188406,1.0,0.7204464738711313,0.4743498611717782,0.4703275055405071,0.21392190152801382,0.3221995489206315,0.38676267110866347,0.8595890410958905,0.7457442758470654,1.0,1.0,1.0,0.23366834170854256,0.3331279696061687,0.6569554312174423,0.3554964539007092,1.0,0.3554964539007071,0.43754565376187,0.4246946926647134,0.2,0.7691947565543066,0.3554964539007071,1.0,1.0
0.5,0.13043478260869565,1.0,0.7204464738711313,0.4743498611717782,0.4703275055405071,0.21392190152801382,0.3221995489206315,0.38676267110866347,0.8595890410958905,0.7457442758470654,1.0,1.0,1.0,0.23366834170854256,0.3331279696061687,0.6569554312174423,0.3581560283687944,1.0,0.35815602836879434,0.43754565376187,0.4246946926647134,0.2,0.7691947565543066,0.35815602836879434,1.0,1.0
0.5,0.21739130434782608,1.0,0.7204464738711313,0.4743498611717782,0.4703275055405071,0.21392190152801382,0.3221995489206315,0.38676267110866347,0.8595890410958905,0.7457442758470654,1.0,1.0,1.0,0.23366834170854256,0.3331279696061687,0.6569554312174423,0.34397163120567376,1.0,0.34397163120567376,0.4448502556610665,0.4246946926647134,0.2,0.7691947565543066,0.34397163120567376,1.0,1.0
0.5,0.17391304347826086,1.0,0.7204464738711313,0.4743498611717782,0.4703275055405071,0.21392190152801382,0.3221995489206315,0.38676267110866347,0.8595890410958905,0.7457442758470654,1.0,1.0,1.0,0.23366834170854256,0.3331279696061687,0.6569554312174423,0.35283687943262415,1.0,0.3528368794326241,0.4119795471146822,0.4246946926647134,0.2,0.7691947565543066,0.3528368794326241,1.0,1.0
0.5,0.13043478260869565,1.0,0.7204464738711313,0.4743498611717782,0.4703275055405071,0.21392190152801382,0.3221995489206315,0.38676267110866347,0.8595890410958905,0.7457442758470654,1.0,1.0,1.0,0.23366834170854256,0.3331279696061687,0.6569554312174423,0.3705673758865249,1.0,0.3705673758865249,0.45215485756026297,0.4246946926647134,0.2,0.7691947565543066,0.3705673758865249,1.0,1.0
0.5,0.10144927536231885,1.0,0.7204464738711313,0.4743498611717782,0.4703275055405071,0.21392190152801382,0.3221995489206315,0.38676267110866347,0.8595890410958905,0.7457442758470654,1.0,1.0,1.0,0.23366834170854256,0.3331279696061687,0.6569554312174423,0.3670212765957446,1.0,0.3670212765957447,0.4119795471146822,0.4246946926647134,0.2,0.7691947565543066,0.3670212765957447,1.0,1.0
0.5,0.08695652173913043,1.0,0.7204464738711313,0.4743498611717782,0.4703275055405071,0.21392190152801382,0.3221995489206315,0.38676267110866347,0.8595890410958905,0.7457442758470654,1.0,1.0,1.0,0.23366834170854256,0.3331279696061687,0.6569554312174423,0.34556737588652486,1.0,0.3455673758865248,0.40832724616508403,0.4246946926647134,0.2,0.7691947565543066,0.3455673758865248,1.0,1.0
0.5,0.08695652173913043,1.0,0.7204464738711313,0.4743498611717782,0.4703275055405071,0.21392190152801382,0.0,0.38676267110866347,0.8595890410958905,0.7457442758470654,1.0,1.0,1.0,0.23366834170854256,0.3331279696061687,0.6569554312174423,0.35460992907801414,1.0,0.3546099290780121,0.40832724616508403,0.4246946926647134,0.2,0.7691947565543066,0.3546099290780121,1.0,1.0
0.5,0.13043478260869565,1.0,0.7204464738711313,0.4743498611717782,0.4703275055405071,0.21392190152801382,0.644399097841263,0.38676267110866347,0.8595890410958905,0.7457442758470654,1.0,1.0,1.0,0.23366834170854256,0.3331279696061687,0.6569554312174423,0.3670212765957446,1.0,0.3670212765957447,0.4119795471146822,0.4246946926647134,0.2,0.7691947565543066,0.3670212765957447,1.0,1.0
0.5,0.08695652173913043,1.0,0.7853881278538813,0.4743498611717782,0.4703275055405071,0.21392190152801382,0.3221995489206315,0.38676267110866347,0.8595890410958905,0.7457442758470654,1.0,1.0,1.0,0.23366834170854256,0.3331279696061687,0.6569554312174423,0.3723404255319149,1.0,0.37234042553191277,0.42293644996347696,0.4246946926647134,0.2,0.7691947565543066,0.37234042553191277,1.0,1.0
0.5,0.13043478260869565,1.0,0.7204464738711313,0.4743498611717782,0.4703275055405071,0.21392190152801382,0.3221995489206315,0.38676267110866347,0.8595890410958905,0.7457442758470654,1.0,1.0,1.0,0.23366834170854256,0.3331279696061687,0.6569554312174423,0.3457446808510638,1.0,0.3457446808510638,0.40832724616508403,0.4246946926647134,0.2,0.7691947565543066,0.3457446808510638,1.0,1.0
0.5,0.13043478260869565,1.0,0.7204464738711313,0.4743498611717782,0.4703275055405071,0.21392190152801382,0.3221995489206315,0.38676267110866347,0.8595890410958905,0.7457442758470654,1.0,1.0,1.0,0.23366834170854256,0.3331279696061687,0.6569554312174423,0.3705673758865249,1.0,0.3705673758865249,0.42658875091307524,0.4246946926647134,0.2,0.7691947565543066,0.3705673758865249,1.0,1.0
0.5,0.18840579710144928,1.0,0.7204464738711313,0.40877094572993444,0.4013789706968728,0.21392190152801382,0.3221995489206315,0.38676267110866347,0.8595890410958905,0.7457442758470654,1.0,1.0,1.0,0.23366834170854256,0.3331279696061687,0.6569554312174423,0.3776595744680851,1.0,0.377659574468083,0.4192841490138788,0.4246946926647134,0.2,0.7691947565543066,0.377659574468083,1.0,1.0
0.5,0.18840579710144928,1.0,0.749873160832065,0.40877094572993444,0.4013789706968728,0.21392190152801382,0.3221995489206315,0.38676267110866347,0.8595890410958905,0.7457442758470654,1.0,1.0,1.0,0.23366834170854256,0.3331279696061687,0.6569554312174423,0.3670212765957446,1.0,0.3670212765957447,0.42658875091307524,0.4246946926647134,0.2,0.7691947565543066,0.3670212765957447,1.0,1.0
0.5,0.13043478260869565,1.0,0.7204464738711313,0.4743498611717782,0.4703275055405071,0.21392190152801382,0.3221995489206315,0.38676267110866347,0.8595890410958905,0.7457442758470654,1.0,1.0,1.0,0.23366834170854256,0.3331279696061687,0.6569554312174423,0.3705673758865249,1.0,0.3705673758865249,0.42293644996347696,0.4246946926647134,0.2,0.7691947565543066,0.3705673758865249,1.0,1.0
0.5,0.13043478260869565,1.0,0.7204464738711313,0.4743498611717782,0.4703275055405071,0.21392190152801382,0.3221995489206315,0.38676267110866347,0.8595890410958905,0.7457442758470654,1.0,1.0,1.0,0.23366834170854256,0.3331279696061687,0.6569554312174423,0.3705673758865249,1.0,0.3705673758865249,0.4192841490138788,0.4246946926647134,0.1,0.8520599250936326,0.3705673758865249,1.0,1.0
0.5,0.13043478260869565,1.0,0.7204464738711313,0.4743498611717782,0.4703275055405071,0.21392190152801382,0.3221995489206315,0.38676267110866347,0.8595890410958905,0.7457442758470654,1.0,1.0,1.0,0.23366834170854256,0.3331279696061687,0.6569554312174423,0.3705673758865249,1.0,0.3705673758865249,0.4448502556610665,0.4246946926647134,0.2,0.7691947565543066,0.3705673758865249,1.0,1.0
0.5,0.13043478260869565,1.0,0.7204464738711313,0.4743498611717782,0.4703275055405071,0.21392190152801382,0.3221995489206315,0.38676267110866347,0.8595890410958905,0.7457442758470654,1.0,1.0,1.0,0.23366834170854256,0.3331279696061687,0.6569554312174423,0.3705673758865249,1.0,0.3705673758865249,0.4338933528122717,0.4246946926647134,0.2,0.7691947565543066,0.3705673758865249,1.0,1.0
0.5,0.13043478260869565,1.0,0.7204464738711313,0.4743498611717782,0.4703275055405071,0.21392190152801382,0.3221995489206315,0.38676267110866347,0.8595890410958905,0.7457442758470654,1.0,1.0,1.0,0.23366834170854256,0.3331279696061687,0.6569554312174423,0.3705673758865249,1.0,0.3705673758865249,0.44119795471146817,0.4246946926647134,0.2,0.7691947565543066,0.3705673758865249,1.0,1.0
0.5,0.13043478260869565,1.0,0.7204464738711313,0.4743498611717782,0.4703275055405071,0.21392190152801382,0.3221995489206315,0.38676267110866347,0.8595890410958905,0.7457442758470654,1.0,1.0,1.0,0.23366834170854256,0.3331279696061687,0.6569554312174423,0.3705673758865249,1.0,0.3705673758865249,0.4302410518626734,0.4246946926647134,0.2,0.7691947565543066,0.3705673758865249,1.0,1.0
0.5,0.13043478260869565,1.0,0.7204464738711313,0.4743498611717782,0.4703275055405071,0.21392190152801382,0.3221995489206315,0.38676267110866347,0.8595890410958905,0.7457442758470654,1.0,1.0,1.0,0.23366834170854256,0.3331279696061687,0.6569554312174423,0.3705673758865249,1.0,0.3705673758865249,0.43754565376187,0.4246946926647134,0.1,0.8520599250936326,0.3705673758865249,1.0,1.0
0.5,0.13043478260869565,1.0,0.4828006088280061,0.4689630216890552,0.4703275055405071,0.21392190152801382,0.3221995489206315,0.38676267110866347,0.8595890410958905,0.7457442758470654,1.0,1.0,1.0,0.23366834170854256,0.3331279696061687,0.6569554312174423,0.300886524822695,1.0,0.30088652482269507,0.39371804236669095,0.4246946926647134,0.1,0.8520599250936326,0.30088652482269507,1.0,1.0
0.5,0.13043478260869565,1.0,0.46575342465753466,0.4689630216890552,0.4703275055405071,0.21392190152801382,0.3221995489206315,0.38676267110866347,0.8595890410958905,0.7457442758470654,1.0,1.0,1.0,0.23366834170854256,0.3331279696061687,0.6569554312174423,0.2965189677857464,1.0,0.2965189677857467,0.43754565376187,0.4246946926647134,0.1,0.8520599250936326,0.2965189677857467,1.0,1.0
0.5,0.13043478260869565,1.0,0.40588533739218696,0.4689630216890552,0.4703275055405071,0.21392190152801382,0.3221995489206315,0.38676267110866347,0.8595890410958905,0.7457442758470654,1.0,1.0,1.0,0.23366834170854256,0.3331279696061687,0.6569554312174423,0.27910838683662065,1.0,0.27910838683662104,0.43754565376187,0.4246946926647134,0.1,0.8520599250936326,0.27910838683662104,1.0,1.0
0.5,0.13043478260869565,1.0,0.34601725012683926,0.4689630216890552,0.4703275055405071,0.21392190152801382,0.3221995489206315,0.38676267110866347,0.8595890410958905,0.7457442758470654,1.0,1.0,1.0,0.23366834170854256,0.3331279696061687,0.6569554312174423,0.2621119232438351,1.0,0.2621119232438342,0.43754565376187,0.4246946926647134,0.1,0.8520599250936326,0.2621119232438342,1.0,1.0
0.5,0.13043478260869565,1.0,0.19127346524606828,0.4689630216890552,0.4703275055405071,0.21392190152801382,0.3221995489206315,0.38676267110866347,0.8595890410958905,0.7457442758470654,1.0,1.0,1.0,0.23366834170854256,0.3331279696061687,0.6569554312174423,0.17801418439716313,1.0,0.17801418439716316,0.3827611395178963,0.4246946926647134,0.1,0.8520599250936326,0.17801418439716316,1.0,1.0
0.5,0.13043478260869565,1.0,0.23439878234398787,0.4689630216890552,0.4703275055405071,0.21392190152801382,0.3221995489206315,0.38676267110866347,0.8595890410958905,0.7457442758470654,1.0,1.0,1.0,0.23366834170854256,0.3331279696061687,0.6569554312174423,0.2294509967383085,1.0,0.2294509967383093,0.43754565376187,0.4246946926647134,0.1,0.8520599250936326,0.2294509967383093,1.0,1.0
0.5,0.13043478260869565,1.0,0.18061897513952344,0.4689630216890552,0.4703275055405071,0.21392190152801382,0.3221995489206315,0.38676267110866347,0.8595890410958905,0.7457442758470654,1.0,1.0,1.0,0.23366834170854256,0.3331279696061687,0.6569554312174423,0.21381823639129255,1.0,0.21381823639129355,0.43754565376187,0.4246946926647134,0.1,0.8520599250936326,0.21381823639129355,1.0,1.0
0.5,0.11594202898550725,1.0,0.7204464738711313,0.4743498611717782,0.4703275055405071,0.21392190152801382,0.3221995489206315,0.38676267110866347,0.8595890410958905,0.7457442758470654,1.0,1.0,1.0,0.23366834170854256,0.3331279696061687,0.6569554312174423,0.3705673758865249,1.0,0.3705673758865249,0.43754565376187,0.4246946926647134,0.1,0.8520599250936326,0.3705673758865249,0.0,0.0
0.5,0.13043478260869565,1.0,0.7204464738711313,0.4743498611717782,0.4703275055405071,0.21392190152801382,0.3221995489206315,0.38676267110866347,0.8595890410958905,0.7457442758470654,1.0,1.0,1.0,0.23366834170854256,0.3331279696061687,0.6569554312174423,0.3705673758865249,1.0,0.3705673758865249,0.43754565376187,0.4246946926647134,0.1,0.8520599250936326,0.3705673758865249,0.0,0.0
0.5,0.13043478260869565,1.0,0.7204464738711313,0.4743498611717782,0.4703275055405071,0.21392190152801382,0.3221995489206315,0.38676267110866347,0.8595890410958905,0.7457442758470654,1.0,1.0,1.0,0.23366834170854256,0.3331279696061687,0.6569554312174423,0.3705673758865249,1.0,0.3705673758865249,0.43754565376187,0.4246946926647134,0.0,0.9456928838951308,0.3705673758865249,1.0,1.0
0.5,0.13043478260869565,1.0,0.7204464738711313,0.4743498611717782,0.4703275055405071,0.21392190152801382,0.3221995489206315,0.38676267110866347,0.8595890410958905,0.7457442758470654,1.0,1.0,1.0,0.23366834170854256,0.3331279696061687,0.6569554312174423,0.3705673758865249,1.0,0.3705673758865249,0.43754565376187,0.4246946926647134,0.1,0.8520599250936326,0.3705673758865249,0.5999999999999994,0.5685732786531399
0.5,0.13043478260869565,1.0,0.7204464738711313,0.4743498611717782,0.4703275055405071,0.21392190152801382,0.3221995489206315,0.38676267110866347,0.8595890410958905,0.7457442758470654,1.0,1.0,1.0,0.23366834170854256,0.3331279696061687,0.6569554312174423,0.3705673758865249,1.0,0.3705673758865249,0.43754565376187,0.4246946926647134,0.1,0.8520599250936326,0.3705673758865249,0.4000000000000006,0.3528599179797106
0.5,0.13043478260869565,1.0,0.7204464738711313,0.4743498611717782,0.4703275055405071,0.21392190152801382,0.3221995489206315,0.38676267110866347,0.8595890410958905,0.7457442758470654,1.0,1.0,1.0,0.23366834170854256,0.3331279696061687,0.6569554312174423,0.3705673758865249,1.0,0.3705673758865249,0.43754565376187,0.4246946926647134,0.1,0.8520599250936326,0.3705673758865249,0.6074504306028436,0.568314267213468
0.5,0.2028985507246377,1.0,0.7204464738711313,0.4743498611717782,0.4703275055405071,0.21392190152801382,0.3221995489206315,0.38676267110866347,0.8595890410958905,0.7457442758470654,1.0,1.0,1.0,0.23366834170854256,0.3331279696061687,0.6569554312174423,0.3705673758865249,1.0,0.3705673758865249,0.43754565376187,0.4246946926647134,0.1,0.8520599250936326,0.3705673758865249,0.0,0.0
0.5,0.13043478260869565,1.0,0.7204464738711313,0.4743498611717782,0.4703275055405071,0.21392190152801382,0.3221995489206315,0.38676267110866347,0.8595890410958905,0.7457442758470654,1.0,1.0,1.0,0.23366834170854256,0.3331279696061687,0.6569554312174423,0.3705673758865249,1.0,0.3705673758865249,0.4996347699050402,0.4246946926647134,0.1,0.8520599250936326,0.3705673758865249,0.6074504306028436,0.568314267213468
0.5,0.13043478260869565,1.0,0.7204464738711313,0.4743498611717782,0.4703275055405071,0.21392190152801382,0.3221995489206315,0.38676267110866347,0.8595890410958905,0.7457442758470654,1.0,1.0,1.0,0.23366834170854256,0.3331279696061687,0.6569554312174423,0.3705673758865249,1.0,0.3705673758865249,0.5617238860482103,0.4246946926647134,0.1,0.8520599250936326,0.3705673758865249,0.6074504306028436,0.568314267213468
0.5,0.13043478260869565,1.0,0.7204464738711313,0.4743498611717782,0.4703275055405071,0.21392190152801382,0.3221995489206315,0.38676267110866347,0.8595890410958905,0.7457442758470654,1.0,1.0,1.0,0.23366834170854256,0.3331279696061687,0.6569554312174423,0.3705673758865249,1.0,0.3705673758865249,0.6238130021913805,0.4246946926647134,0.1,0.8520599250936326,0.3705673758865249,0.6074504306028436,0.568314267213468
0.5,0.13043478260869565,1.0,0.7204464738711313,0.4743498611717782,0.4703275055405071,0.21392190152801382,0.3221995489206315,0.38676267110866347,0.8595890410958905,0.7457442758470654,1.0,1.0,1.0,0.23366834170854256,0.3331279696061687,0.6569554312174423,0.3705673758865249,1.0,0.3705673758865249,0.6968590211833454,0.4246946926647134,0.1,0.8520599250936326,0.3705673758865249,0.6074504306028436,0.568314267213468
0.5,0.13043478260869565,1.0,0.7204464738711313,0.4743498611717782,0.4703275055405071,0.21392190152801382,0.3221995489206315,0.38676267110866347,0.8595890410958905,0.7457442758470654,1.0,1.0,1.0,0.23366834170854256,0.3331279696061687,0.6569554312174423,0.3705673758865249,1.0,0.3705673758865249,0.7699050401753104,0.4246946926647134,0.1,0.8520599250936326,0.3705673758865249,0.6074504306028436,0.568314267213468
0.5,0.13043478260869565,1.0,0.26149162861491637,0.4743498611717782,0.4703275055405071,0.21392190152801382,0.3221995489206315,0.38676267110866347,0.8595890410958905,0.7457442758470654,1.0,1.0,1.0,0.23366834170854256,0.3331279696061687,0.6569554312174423,0.1897163120567376,1.0,0.18971631205673767,0.4119795471146822,0.4246946926647134,0.1,0.8520599250936326,0.18971631205673767,0.6074504306028436,0.568314267213468
0.5,0.13043478260869565,1.0,0.19127346524606828,0.4743498611717782,0.4703275055405071,0.21392190152801382,0.3221995489206315,0.38676267110866347,0.8595890410958905,0.7457442758470654,1.0,1.0,1.0,0.23366834170854256,0.3331279696061687,0.6569554312174423,0.17801418439716313,1.0,0.17801418439716316,0.39006574141709277,0.4246946926647134,0.1,0.8520599250936326,0.17801418439716316,0.6074504306028436,0.568314267213468
0.5,0.13043478260869565,1.0,0.5565743306388418,0.4743498611717782,0.4703275055405071,0.21392190152801382,0.3221995489206315,0.38676267110866347,0.8595890410958905,0.7457442758470654,1.0,1.0,1.0,0.23366834170854256,0.3331279696061687,0.6569554312174423,0.2987156120311791,1.0,0.2987156120311775,0.43754565376187,0.4246946926647134,0.1,0.8520599250936326,0.2987156120311775,0.6074504306028436,0.568314267213468
0.5,0.13043478260869565,1.0,0.34408929477422673,0.4743498611717782,0.4703275055405071,0.21392190152801382,0.3221995489206315,0.38676267110866347,0.8595890410958905,0.7457442758470654,1.0,1.0,1.0,0.23366834170854256,0.3331279696061687,0.6569554312174423,0.20177304964539008,1.0,0.2017730496453901,0.43754565376187,0.4246946926647134,0.1,0.8520599250936326,0.2017730496453901,0.6074504306028436,0.568314267213468
0.5,0.13043478260869565,1.0,0.2810755961440892,0.4743498611717782,0.4703275055405071,0.8488964346349744,0.3221995489206315,0.9005924154699697,0.8595890410958905,0.7688584325882415,1.0,1.0,1.0,0.23366834170854256,0.3331279696061687,0.6569554312174423,0.1606382978723404,1.0,0.16063829787234044,0.45215485756026297,0.4246946926647134,0.1,0.8520599250936326,0.16063829787234044,0.6074504306028436,0.568314267213468
0.5,0.13043478260869565,1.0,0.41084046517068373,0.4743498611717782,0.4703275055405071,0.21392190152801382,0.3221995489206315,0.38676267110866347,0.8595890410958905,0.7457442758470654,1.0,1.0,1.0,0.23366834170854256,0.3331279696061687,0.6569554312174423,0.23198020513935996,1.0,0.23198020513935871,0.43754565376187,0.4246946926647134,0.1,0.8520599250936326,0.23198020513935871,0.6074504306028436,0.568314267213468
0.5,0.13043478260869565,1.0,0.34408578955533464,0.4743498611717782,0.4703275055405071,0.21392190152801382,0.3221995489206315,0.38676267110866347,0.8595890410958905,0.7457442758470654,1.0,1.0,1.0,0.23366834170854256,0.3331279696061687,0.6569554312174423,0.20048692870875703,1.0,0.20048692870875556,0.43754565376187,0.4246946926647134,0.1,0.8520599250936326,0.20048692870875556,0.6074504306028436,0.568314267213468
0.5,0.13043478260869565,1.0,0.2810755961440892,0.4743498611717782,0.4703275055405071,0.8488964346349744,0.3221995489206315,0.9005924154699697,0.8595890410958905,0.7688584325882415,1.0,1.0,1.0,0.23366834170854256,0.3331279696061687,0.6569554312174423,0.17021276595744678,1.0,0.1702127659574468,0.43754565376187,0.4246946926647134,0.1,0.8520599250936326,0.1702127659574468,0.6074504306028436,0.568314267213468
0.5,0.13043478260869565,1.0,0.2810755961440892,0.4743498611717782,0.4703275055405071,0.8488964346349744,0.3221995489206315,0.9005924154699697,0.8595890410958905,0.7688584325882415,1.0,1.0,1.0,0.23366834170854256,0.3331279696061687,0.6569554312174423,0.17021276595744678,1.0,0.1702127659574468,0.379108838568298,0.4246946926647134,0.1,0.8520599250936326,0.1702127659574468,0.6074504306028436,0.568314267213468
0.5,0.13043478260869565,1.0,0.2215829495142154,0.4743498611717782,0.4703275055405071,0.21392190152801382,0.3221995489206315,0.38676267110866347,0.8595890410958905,0.7457442758470654,1.0,1.0,1.0,0.23366834170854256,0.3331279696061687,0.6569554312174423,0.14113120146486702,1.0,0.1411312014648667,0.43754565376187,0.4246946926647134,0.1,0.8520599250936326,0.1411312014648667,0.6074504306028436,0.568314267213468
0.5,0.13043478260869565,1.0,0.6361237950279047,0.4743498611717782,0.4703275055405071,0.21392190152801382,0.3221995489206315,0.38676267110866347,0.8595890410958905,0.7457442758470654,1.0,1.0,1.0,0.23366834170854256,0.3331279696061687,0.6569554312174423,0.3340425531914894,1.0,0.33404255319148946,0.43754565376187,0.4246946926647134,0.1,0.8520599250936326,0.33404255319148946,0.6074504306028436,0.568314267213468
0.5,0.13043478260869565,1.0,0.5565702688990359,0.4743498611717782,0.4703275055405071,0.21392190152801382,0.3221995489206315,0.38676267110866347,0.8595890410958905,0.7457442758470654,1.0,1.0,1.0,0.23366834170854256,0.3331279696061687,0.6569554312174423,0.2987588652482269,1.0,0.298758865248227,0.43754565376187,0.4246946926647134,0.1,0.8520599250936326,0.298758865248227,0.6074504306028436,0.568314267213468
0.5,0.13043478260869565,1.0,0.41085743277524117,0.4743498611717782,0.4703275055405071,0.21392190152801382,0.3221995489206315,0.38676267110866347,0.8595890410958905,0.7457442758470654,1.0,1.0,1.0,0.23366834170854256,0.3331279696061687,0.6569554312174423,0.2319148936170213,1.0,0.2319148936170213,0.43754565376187,0.4246946926647134,0.1,0.8520599250936326,0.2319148936170213,0.6074504306028436,0.568314267213468
0.5,0.13043478260869565,1.0,0.34408929477422673,0.4743498611717782,0.4703275055405071,0.21392190152801382,0.3221995489206315,0.38676267110866347,0.8595890410958905,0.7457442758470654,1.0,1.0,1.0,0.23366834170854256,0.3331279696061687,0.6569554312174423,0.20053191489361705,1.0,0.200531914893617,0.43754565376187,0.4246946926647134,0.1,0.8520599250936326,0.200531914893617,0.6074504306028436,0.568314267213468
0.5,0.13043478260869565,0.23202614379085093,0.7204464738711313,0.4743498611717782,0.4703275055405071,0.21392190152801382,0.3221995489206315,0.38676267110866347,0.8595890410958905,0.7457442758470654,0.9615384615384615,0.0,1.0,0.23366834170854256,0.3331279696061687,0.8209531159560108,0.3705673758865249,1.0,0.3705673758865249,0.43754565376187,0.4246946926647134,0.1,0.8520599250936326,0.3705673758865249,0.6074504306028436,0.568314267213468
0.5,0.13043478260869565,0.23202614379085093,0.7204464738711313,0.4743498611717782,0.4703275055405071,0.21392190152801382,0.3221995489206315,0.38676267110866347,0.8595890410958905,0.7457442758470654,0.9615384615384615,0.7333333333333333,1.0,0.23366834170854256,0.3331279696061687,0.8209531159560108,0.3705673758865249,1.0,0.3705673758865249,0.43754565376187,0.4246946926647134,0.1,0.8520599250936326,0.3705673758865249,0.6074504306028436,0.568314267213468
0.5,0.13043478260869565,0.23202614379085093,0.7204464738711313,0.4743498611717782,0.4703275055405071,0.21392190152801382,0.3221995489206315,0.38676267110866347,0.8595890410958905,0.7457442758470654,0.9615384615384615,0.7333333333333333,1.0,0.0,0.3331279696061687,0.8209531159560108,0.3705673758865249,1.0,0.3705673758865249,0.43754565376187,0.4246946926647134,0.1,0.8520599250936326,0.3705673758865249,0.6074504306028436,0.568314267213468
0.5,0.13043478260869565,0.0,0.6361237950279047,0.4743498611717782,0.48091603053435117,0.34634974533106944,0.33830952636666295,0.48146854555957064,1.0,0.7253494316636752,1.0,1.0,1.0,0.23366834170854256,0.40369841403194384,1.0,0.3340425531914894,1.0,0.33404255319148946,0.43754565376187,0.4246946926647134,0.1,0.8520599250936326,0.33404255319148946,0.6074504306028436,0.568314267213468
0.5,0.13043478260869565,0.0,0.5565702688990359,0.4743498611717782,0.48091603053435117,0.47198641765704596,0.33830952636666295,0.5781894386158168,1.0,0.7199108065481045,1.0,1.0,1.0,0.23366834170854256,0.44010380202936655,1.0,0.2987588652482269,1.0,0.298758865248227,0.43754565376187,0.4246946926647134,0.1,0.8520599250936326,0.298758865248227,0.6074504306028436,0.568314267213468
0.5,0.13043478260869565,0.0,0.4815829528158294,0.4743498611717782,0.48091603053435117,0.5908319185059423,0.33830952636666295,0.6722236401982781,0.9589041095890413,0.7199108065481045,1.0,1.0,1.0,0.23366834170854256,0.48453704481596654,1.0,0.26471631205673757,1.0,0.26471631205673757,0.43754565376187,0.4246946926647134,0.1,0.8520599250936326,0.26471631205673757,0.6074504306028436,0.568314267213468
0.5,0.13043478260869565,0.0,0.41085743277524117,0.47481828199636267,0.48091603053435117,0.702886247877759,0.33830952636666295,0.7595411130962777,0.9246575342465755,0.7171914939903187,1.0,1.0,1.0,0.23366834170854256,0.5246763187618436,1.0,0.2319148936170213,1.0,0.2319148936170213,0.43754565376187,0.4246946926647134,0.1,0.8520599250936326,0.2319148936170213,0.6074504306028436,0.568314267213468
0.5,0.13043478260869565,0.0,0.34408929477422673,0.46146828849570176,0.48091603053435117,0.8064516129032258,0.33830952636666295,0.8441718945204927,0.8561643835616439,0.7226301191058894,1.0,1.0,1.0,0.23366834170854256,0.5605216238669988,1.0,0.20053191489361705,1.0,0.200531914893617,0.43754565376187,0.4246946926647134,0.1,0.8520599250936326,0.200531914893617,0.6074504306028436,0.568314267213468
0.5,0.13043478260869565,0.0,0.2810755961440892,0.4659182863292554,0.48091603053435117,0.9066213921901527,0.33830952636666295,0.9193992557864621,0.8493150684931507,0.7144721814325339,1.0,1.0,1.0,0.23366834170854256,0.5928197373211235,1.0,0.17021276595744678,1.0,0.1702127659574468,0.43754565376187,0.4246946926647134,0.1,0.8520599250936326,0.1702127659574468,0.6074504306028436,0.568314267213468
0.5,0.13043478260869565,0.0,0.22161339421613416,0.46427881344320915,0.48091603053435117,1.0,0.33830952636666295,1.0,0.7876712328767124,0.7280687442214601,1.0,1.0,1.0,0.23366834170854256,0.6220187254380316,1.0,0.14113475177304968,1.0,0.1411347517730496,0.43754565376187,0.4246946926647134,0.1,0.8520599250936326,0.1411347517730496,0.6074504306028436,0.568314267213468
0.5,0.13043478260869565,0.0,0.6361237950279047,0.4743498611717782,0.48091603053435117,0.34634974533106944,0.9794866287187195,0.5781894386158168,1.0,0.7199108065481045,1.0,1.0,1.0,0.23366834170854256,0.40369841403194384,0.989967200463053,0.3340425531914894,1.0,0.33404255319148946,0.43754565376187,0.4246946926647134,0.1,0.8520599250936326,0.33404255319148946,0.6074504306028436,0.568314267213468
0.5,0.13043478260869565,0.0,0.5565702688990359,0.4743498611717782,0.48091603053435117,0.47198641765704596,0.9794866287187195,0.6722236401982781,0.9589041095890413,0.7199108065481045,1.0,1.0,1.0,0.23366834170854256,0.44010380202936655,0.989967200463053,0.2987588652482269,1.0,0.298758865248227,0.43754565376187,0.4246946926647134,0.1,0.8520599250936326,0.298758865248227,0.6074504306028436,0.568314267213468
0.5,0.13043478260869565,0.0,0.4815829528158294,0.4743498611717782,0.48091603053435117,0.5908319185059423,0.9794866287187195,0.7595411130962777,0.9246575342465755,0.7171914939903187,1.0,1.0,1.0,0.23366834170854256,0.48453704481596654,0.989967200463053,0.26471631205673757,1.0,0.26471631205673757,0.43754565376187,0.4246946926647134,0.1,0.8520599250936326,0.26471631205673757,0.6074504306028436,0.568314267213468
0.5,0.13043478260869565,0.0,0.41085743277524117,0.47481828199636267,0.48091603053435117,0.702886247877759,0.9794866287187195,0.8441718945204927,0.8561643835616439,0.7226301191058894,1.0,1.0,1.0,0.23366834170854256,0.5246763187618436,0.989967200463053,0.2319148936170213,1.0,0.2319148936170213,0.43754565376187,0.4246946926647134,0.1,0.8520599250936326,0.2319148936170213,0.6074504306028436,0.568314267213468
0.5,0.13043478260869565,0.0,0.34408929477422673,0.46146828849570176,0.48091603053435117,0.8064516129032258,0.9794866287187195,0.9193992557864621,0.8493150684931507,0.7144721814325339,1.0,1.0,1.0,0.23366834170854256,0.5605216238669988,0.989967200463053,0.20053191489361705,1.0,0.200531914893617,0.43754565376187,0.4246946926647134,0.1,0.8520599250936326,0.200531914893617,0.6074504306028436,0.568314267213468
0.5,0.13043478260869565,0.0,0.2810755961440892,0.4659182863292554,0.48091603053435117,0.9066213921901527,0.9794866287187195,1.0,0.7876712328767124,0.7280687442214601,1.0,1.0,1.0,0.23366834170854256,0.5928197373211235,0.989967200463053,0.17021276595744678,1.0,0.1702127659574468,0.43754565376187,0.4246946926647134,0.1,0.8520599250936326,0.1702127659574468,0.6074504306028436,0.568314267213468
0.5,0.13043478260869565,0.0,0.22161339421613416,0.46427881344320915,0.48091603053435117,1.0,0.9794866287187195,0.9193992557864621,0.8493150684931507,0.7688584325882415,1.0,1.0,1.0,0.23366834170854256,0.6220187254380316,0.989967200463053,0.14113475177304968,1.0,0.1411347517730496,0.43754565376187,0.4246946926647134,0.1,0.8520599250936326,0.1411347517730496,0.6074504306028436,0.568314267213468
0.5,0.13043478260869565,0.0,0.4815829528158294,0.4743498611717782,0.48091603053435117,0.25240266917933457,0.33830952636666295,0.4438548649265865,0.9589041095890413,0.7996813723102517,1.0,1.0,1.0,0.23366834170854256,0.48453704481596654,1.0,0.3340425531914894,1.0,0.33404255319148946,0.43754565376187,0.4246946926647134,0.1,0.8520599250936326,0.33404255319148946,0.7999999999999997,0.7842866393265707
0.5,0.13043478260869565,0.0,0.4815829528158294,0.4743498611717782,0.48091603053435117,0.25240266917933457,0.33830952636666295,0.4438548649265865,0.9589041095890413,0.7996813723102517,1.0,1.0,1.0,0.23366834170854256,0.48453704481596654,1.0,0.2987588652482269,1.0,0.298758865248227,0.43754565376187,0.4246946926647134,0.1,0.8520599250936326,0.298758865248227,0.7999999999999997,0.7842866393265707
0.5,0.13043478260869565,0.0,0.5702688990360224,0.4743498611717782,0.48091603053435117,0.20256832910654402,0.33830952636666295,0.4438548649265865,0.9589041095890413,0.8794997937571262,1.0,1.0,1.0,0.23366834170854256,0.48453704481596654,1.0,0.26471631205673757,1.0,0.26471631205673757,0.43754565376187,0.4246946926647134,0.1,0.8520599250936326,0.26471631205673757,0.7999999999999997,0.7842866393265707
0.5,0.13043478260869565,0.0,0.2810755961440892,0.4743498611717782,0.48091603053435117,0.3652295705229376,0.33830952636666295,0.4438548649265865,0.9589041095890413,0.6189693342089243,1.0,1.0,1.0,0.23366834170854256,0.48453704481596654,1.0,0.2319148936170213,1.0,0.2319148936170213,0.43754565376187,0.4246946926647134,0.1,0.8520599250936326,0.2319148936170213,0.7999999999999997,0.7842866393265707
0.5,0.13043478260869565,0.0,0.5702688990360224,0.4743498611717782,0.48091603053435117,0.20256832910654402,0.33830952636666295,0.4438548649265865,0.9589041095890413,0.8794997937571262,1.0,1.0,1.0,0.23366834170854256,0.48453704481596654,1.0,0.20053191489361705,1.0,0.2320006050216799,0.43754565376187,0.4246946926647134,0.1,0.8520599250936326,0.2320006050216799,0.7999999999999997,0.7842866393265707
0.5,0.13043478260869565,0.0,0.5142567224759005,0.4743498611717782,0.48091603053435117,0.23403766367980444,0.33830952636666295,0.4438548649265865,0.9589041095890413,0.8290961442665884,1.0,1.0,1.0,0.23366834170854256,0.48453704481596654,1.0,0.26471631205673757,1.0,0.29892272528654507,0.43754565376187,0.4246946926647134,0.1,0.8520599250936326,0.29892272528654507,0.7999999999999997,0.7842866393265707
0.5,0.13043478260869565,0.0,0.5142567224759005,0.521191943630238,0.5301649839940902,0.23403766367980444,0.33830952636666295,0.4438548649265865,0.9589041095890413,0.8290961442665884,1.0,1.0,1.0,0.23366834170854256,0.48453704481596654,1.0,0.26471631205673757,1.0,0.29892272528654507,0.43754565376187,0.4246946926647134,0.1,0.8520599250936326,0.29892272528654507,0.7999999999999997,0.7842866393265707
0.5,0.13043478260869565,0.0,0.5142567224759005,0.5680340260886979,0.5794139374538292,0.23403766367980444,0.33830952636666295,0.4438548649265865,0.9589041095890413,0.8290961442665884,1.0,1.0,1.0,0.23366834170854256,0.48453704481596654,1.0,0.24078014184397167,1.0,0.27396558098887436,0.4631117604090577,0.4246946926647134,0.1,0.8520599250936326,0.27396558098887436,0.7999999999999997,0.7842866393265707
0.5,0.13043478260869565,0.0,0.5142567224759005,0.4743498611717782,0.48091603053435117,0.23403766367980444,0.33830952636666295,0.4438548649265865,0.9589041095890413,0.8290961442665884,1.0,1.0,0.5,0.03266331658291455,0.48453704481596654,1.0,0.26471631205673757,1.0,0.29892272528654507,0.43754565376187,0.4246946926647134,0.1,0.8520599250936326,0.29892272528654507,0.7999999999999997,0.7842866393265707
0.5,0.13043478260869565,0.0,0.5142567224759005,0.42212093923059535,0.5301649839940902,0.23403766367980444,0.33830952636666295,0.4438548649265865,0.9589041095890413,0.8290961442665884,1.0,1.0,0.5,0.03266331658291455,0.48453704481596654,1.0,0.26471631205673757,1.0,0.29892272528654507,0.43754565376187,0.4246946926647134,0.1,0.8520599250936326,0.29892272528654507,0.7999999999999997,0.7842866393265707
0.5,0.13043478260869565,0.0,0.5142567224759005,0.515805104147515,0.4316670770746122,0.23403766367980444,0.33830952636666295,0.4438548649265865,0.9589041095890413,0.8290961442665884,1.0,1.0,0.5,0.03266331658291455,0.48453704481596654,1.0,0.26471631205673757,1.0,0.29892272528654507,0.43754565376187,0.4246946926647134,0.1,0.8520599250936326,0.29892272528654507,0.7999999999999997,0.7842866393265707
0.5,0.13043478260869565,0.0,0.5142567224759005,0.5626471866059749,0.3824181236148732,0.23403766367980444,0.33830952636666295,0.4438548649265865,0.9589041095890413,0.8290961442665884,1.0,1.0,0.5,0.03266331658291455,0.48453704481596654,1.0,0.26471631205673757,1.0,0.29892272528654507,0.43754565376187,0.4246946926647134,0.1,0.8520599250936326,0.29892272528654507,0.7999999999999997,0.7842866393265707
0.5,0.13043478260869565,0.0,0.5142567224759005,0.4743498611717782,0.48091603053435117,0.23403766367980444,0.33830952636666295,0.4438548649265865,0.9589041095890413,0.8290961442665884,1.0,1.0,0.5,0.03266331658291455,0.48453704481596654,1.0,0.26471631205673757,1.0,0.29892272528654507,0.379108838568298,0.4246946926647134,0.1,0.8520599250936326,0.29892272528654507,0.7999999999999997,0.7842866393265707
0.5,0.13043478260869565,0.0,0.4815829528158294,0.4743498611717782,0.48091603053435117,0.25240266917933457,0.33830952636666295,0.4438548649265865,0.9589041095890413,0.7996813723102517,1.0,1.0,0.5,0.03266331658291455,0.48453704481596654,1.0,0.26471631205673757,1.0,0.29892272528654507,0.43754565376187,0.4246946926647134,0.1,0.8520599250936326,0.29892272528654507,0.7999999999999997,0.7842866393265707
0.5,0.13043478260869565,0.0,0.4815829528158294,0.4743498611717782,0.48091603053435117,0.25240266917933457,0.33830952636666295,0.4438548649265865,0.9589041095890413,0.7996813723102517,1.0,1.0,0.5,0.03266331658291455,0.48453704481596654,1.0,0.26471631205673757,1.0,0.29892272528654507,0.4996347699050402,0.4246946926647134,0.1,0.8520599250936326,0.29892272528654507,0.7999999999999997,0.7842866393265707
0.5,0.13043478260869565,0.0,0.4815829528158294,0.4743498611717782,0.48091603053435117,0.25240266917933457,0.33830952636666295,0.4438548649265865,0.9589041095890413,0.7996813723102517,1.0,1.0,0.5,0.03266331658291455,0.48453704481596654,1.0,0.26471631205673757,1.0,0.29892272528654507,0.5617238860482103,0.4246946926647134,0.1,0.8520599250936326,0.29892272528654507,0.7999999999999997,0.7842866393265707
0.5,0.13043478260869565,0.0,0.4815829528158294,0.4743498611717782,0.48091603053435117,0.25240266917933457,0.33830952636666295,0.4438548649265865,0.9589041095890413,0.7996813723102517,1.0,1.0,0.5,0.03266331658291455,0.48453704481596654,1.0,0.26471631205673757,1.0,0.29892272528654507,0.6238130021913805,0.4246946926647134,0.1,0.8520599250936326,0.29892272528654507,0.7999999999999997,0.7842866393265707
0.5,0.13043478260869565,0.0,0.4815829528158294,0.4743498611717782,0.48091603053435117,0.25240266917933457,0.33830952636666295,0.4438548649265865,0.9589041095890413,0.7996813723102517,1.0,1.0,0.5,0.03266331658291455,0.48453704481596654,1.0,0.26471631205673757,1.0,0.29892272528654507,0.6968590211833454,0.4246946926647134,0.1,0.8520599250936326,0.29892272528654507,0.7999999999999997,0.7842866393265707
0.5,0.13043478260869565,0.0,0.4815829528158294,0.4743498611717782,0.48091603053435117,0.25240266917933457,0.33830952636666295,0.4438548649265865,0.9589041095890413,0.7996813723102517,1.0,1.0,0.5,0.03266331658291455,0.48453704481596654,1.0,0.26471631205673757,1.0,0.29892272528654507,0.7699050401753104,0.4246946926647134,0.1,0.8520599250936326,0.29892272528654507,0.7999999999999997,0.7842866393265707
0.5,0.13043478260869565,0.0,0.41085743277524117,0.4743498611717782,0.48091603053435117,0.2921754129738175,0.33830952636666295,0.4438548649265865,0.9589041095890413,0.7359783590537379,1.0,1.0,0.5,0.03266331658291455,0.48453704481596654,1.0,0.26471631205673757,1.0,0.29892272528654507,0.5617238860482103,0.4246946926647134,0.1,0.8520599250936326,0.29892272528654507,0.7999999999999997,0.7842866393265707
0.5,0.13043478260869565,0.0,0.34408929477422673,0.4743498611717782,0.48091603053435117,0.3297477169872141,0.33830952636666295,0.4438548649265865,0.9589041095890413,0.6757997353960161,1.0,1.0,0.5,0.03266331658291455,0.48453704481596654,1.0,0.26471631205673757,1.0,0.29892272528654507,0.5617238860482103,0.4246946926647134,0.1,0.8520599250936326,0.29892272528654507,0.7999999999999997,0.7842866393265707
0.5,0.13043478260869565,0.0,0.2810755961440892,0.4743498611717782,0.48091603053435117,0.3652295705229376,0.33830952636666295,0.4438548649265865,0.9589041095890413,0.6189693342089243,1.0,1.0,0.5,0.03266331658291455,0.48453704481596654,1.0,0.26471631205673757,1.0,0.29892272528654507,0.5617238860482103,0.4246946926647134,0.1,0.8520599250936326,0.29892272528654507,0.7999999999999997,0.7842866393265707
0.5,0.13043478260869565,0.0,0.22161339421613416,0.4743498611717782,0.48091603053435117,0.3987314804935094,0.33830952636666295,0.4438548649265865,0.9589041095890413,0.5653101593226819,1.0,1.0,0.5,0.03266331658291455,0.48453704481596654,1.0,0.26471631205673757,1.0,0.29892272528654507,0.5617238860482103,0.4246946926647134,0.1,0.8520599250936326,0.29892272528654507,0.7999999999999997,0.7842866393265707
0.5,0.13043478260869565,0.0,0.5142567224759005,0.4743498611717782,0.48091603053435117,0.23403766367980444,0.33830952636666295,0.4438548649265865,0.9589041095890413,0.8290961442665884,1.0,1.0,0.5,0.03266331658291455,0.48453704481596654,1.0,0.26471631205673757,1.0,0.29892272528654507,0.39006574141709277,0.4246946926647134,0.1,0.7691947565543066,0.29892272528654507,0.7999999999999997,0.7842866393265707
